"plant_name","operator","county","cap_mmcfd","latitude","longitude"
"Ajax Plant","Enbridge Pipelines (Texas Gathering) L.P.","Wheeler",150,35.5464,-100.11626
"Alamo","Energy Transfer Company","Houston",200,31.29948,-95.51805
"Allison Gas Plant"," ","Wheeler",150,35.61864,-100.14509
"Antelope Hills Plant","ETC Field Services LLC","Hemphill",135,35.9983,-100.1206
"Armstrong Plant","Enterprise Products Operating LLC","Eddy",200,29.13389,-97.03916
"Arrowhead Plant","ETC Texas Pipeline, Ltd.","Reeves",220,31.31371,-103.1552
"Austin Giddings","DCP Operating Company, LP","Fayette",95,29.93346,-96.87799
"Azle Plant","Enlink Texas Processing, LP","Parker",50,32.82262,-97.59602
"Bearkat Plant","Coronado Midstream LLC","Glasscock",60,31.95702,-101.49024
"Beckville Plant","Enbridge G & P (East Texas) L.P.","Panola",150,32.18813,-94.26248
"Benedum Complex","Wtg South Permian Midstream LLC","Upton",360,31.36209,-101.77962
"Big Lake Plant"," ","Reagan",200,31.10967,-101.36349
"Block 31 Plant"," ","Crane",41,31.44153,-102.46233
"Bone Springs Gas Processing Plant","Energy Transfer Company","Ward",120,31.45561,-103.39339
"Brasada Gas Plant","Anadarko Petroleum","LaSalle",230,28.42054,-99.25939
"Bridgeport Plant","Enlink Midstream Services, LLC","Wise",800,33.19606,-97.80311
"Bridwell River Ranch Gas Plant","Bridwell Oil Company","Clay",1,33.72994,-98.41484
"Brookeland Plant","ETC Field Services LLC","Jasper",95,31.06255,-93.96112
"Cargray Plant","ETC Field Services LLC","Carson",30,35.52346,-101.13585
"Cedar Hill Gas Plant","Davis Gas Processing Inc","Garza",8,33.16039,-101.40068
"CGU Cordona Lake Plant","XTO Energy, Inc.","Crane",10,31.32501,-102.5625
"Chapel Hill Gas Plant","American Midstream","Smith",25,32.38444,-95.10833
"Chico Plant","Targa Midstream Services, LLC","Wise",265,33.3125,-97.87806
"Chisholm Plant","Energy Transfer Company","Fayette",120,30.00133,-96.88692
"Cornell Mahoney Gas Plant"," ","Yoakum",50,32.99888,-102.87212
"Cowtown/Corvette Plant","Cowtown Gas Processing Partners LP","Hood",300,32.33488,-97.68107
"Coyanosa","ETC Field Services LLC","Pecos",125,31.19083,-102.98944
"Crane Gas Plant"," ","Upton",30,31.41767,-102.16505
"Crossroads","DCP Operating Company, LP","Harrison",60,32.43704,-94.29724
"Deadwood Plant","Enlink Permian, LLC","Glasscock",58,31.94763,-101.48356
"Delaware Basin Gas Processing Plant","Enterprise Products Operating LLC","Reeves",150,31.28416,-103.10994
"Delmita Gas Plant","Enterprise Products Operating LLC","Starr",40,26.65669,-98.48356
"Denver Unit CO2 Recovery Plant","OXY","Yoakum",290,32.99825,-102.81518
"Dollarhide Gas Plant","Chevron Production Company","Andrews",56,32.14694,-103.05667
"Eagle Plant","DCP Operating Company, LP","Jackson",200,29.13908,-96.65097
"East Texas","DCP Operating Company, LP","Panola",720,32.18788,-94.26188
"East Texas (Avinger)","Enbridge G & P (East Texas) L.P.","Marion",85,32.86324,-94.5887
"East Toyah Gas Plant","EagleClaw Midstream Ventures, LLC","Reeves",440,31.36833,-103.67417
"East Vealmoor Gas Plant","West Texas Gas Processing LP","Howard",45,32.49659,-101.35176
"Electra Plant","Layline Energy I LLC","Wilbarger",1,34.04329,-98.96891
"Enbridge G&P (North Texas) Springtown Plant","Enbridge","Parker",0,32.98473,-97.6836
"Enbridge G&P (North Texas) Weatherford Plant","Enbridge","Parker",70,32.73387,-97.87731
"ETC Kenedy Plant","Energy Transfer Company","Karnes",410,28.75175,-98.01186
"Fain Gas Plant"," ","Potter",50,35.53806,-101.89556
"Fairplay-Duncan Gas Processing Plant","Enterprise Gathering LLC","Rusk",40,32.08185,-94.83721
"Fairway Gas Plant","Vanguard Natural Resourses, Inc.","Henderson",88,32.0859,-95.5823
"Gilmore Natural Gas Plant","Enterprise Hydrocarbons L.P.","Hidalgo",265,26.42119,-98.34559
"Godley gas Plant","Energy transfer partners","Johnson",700,32.49845,-97.5536
"Goforth Plant","Enlink Texas Processing, LP","Parker",30,32.59539,-97.55716
"Goldsmith","DCP Operating Company, LP","Ector",160,31.98098,-102.63451
"Goliad Gas Plant","DCP Operating Company, LP","Goliad",230,28.61726,-97.63975
"Gomez Plant","ETC Field Services LLC","Pecos",84,30.98753,-102.97861
"Gordon","Enbridge G & P (North Texas), L.P.","Palo Pinto",40,32.5395,-98.33814
"Gray County Plant","ETC Field Services LLC","Gray",20,35.51075,-101.03617
"Grey Badger","Midstream Energy  Services, LLC","Carson",25,35.51399,-101.40753
"Gulf Plains Gas Plant","DCP Operating Company, LP","Nueces",170,27.68677,-97.90256
"Halley","Energy Transfer Company","Winkler",107,31.7302,-102.9929
"Hamlin","ETC Field Services LLC","Fisher",6,32.86721,-100.26539
"Hawkins Gas Plant","XTO Energy, Inc.","Wood",180,32.61167,-95.19667
"Hemphill (C, D & E)","Superior Pipeline Corporation","Hemphill",275,35.76874,-100.38863
"Hemphill Plant","ETC Field Services LLC","Hemphill",50,35.83981,-100.35435
"Henderson","Enbridge G & P (East Texas) L.P.","Rusk",280,32.15889,-94.87806
"Hidetown Plant","Enbridge Pipelines (Texas Gathering) L.P.","Wheeler",132,35.46413,-100.39561
"High Plains Plant"," ","Midland",200,31.85336,-101.78981
"Hobart Cryo Plant","Enbridge Pipelines (Texas Gathering) L.P.","Hemphill",35,35.69287,-100.33968
"Hobart Ranch Gas Plant","Enbridge Pipelines (Texas Gathering) L.P.","Hemphill",125,35.74717,-100.39603
"Houston Central Plant","Copano Processing LLC","Colorado",1000,29.46976,-96.62299
"Huckabay","Enbridge G & P (North Texas), L.P.","Erath",20,32.31411,-98.38422
"Huntsville Gas Plant","Copano Processing LLC","Walker",15,30.81986,-95.59302
"Indian Creek Gas Plant","Crestwood Panhandle Pipeline LLC","Roberts",36,35.89962,-100.82746
"Indian Mound","Advance NGL, Inc.","Young",1,33.05416,-98.64313
"Indian Springs Gas Plant","Enterprise Products Operating LLC","Polk",146,30.75692,-94.70286
"Jackson Plant","Energy Transfer Company","Jackson",800,29.10957,-96.53764
"Jameson Plant","West Texas Gas Processing LP","Coke",60,32.0491,-100.68229
"Joaquin Plant","Enable Midstream Partners","Shelby",40,31.91107,-94.05894
"Kelton Gas Plant","Durango Midstream","Wheeler",90,35.43778,-100.11389
"Keystone","ETC Field Services LLC","Winkler",100,31.94556,-103.04417
"King Ranch Gas Plant","ETC Texas Pipeline, Ltd.","Kleberg",650,27.46806,-98.05583
"Kripple Kreek Gas Plant","Pecan Pipeline Company","Montague",160,33.52713,-97.88261
"La Gloria","DCP Operating Company, LP","Jim Wells",265,27.27639,-98.15447
"La Grange Plant","Energy Transfer Company","Fayette",200,30.00583,-96.88861
"Lobo I Plant","Delaware G&P LLC","Loving",35,31.75106,-103.50696
"Lobo II Plant","Delaware Processing LLC","Loving",135,31.75106,-103.50696
"Lone Camp","Enbridge G & P (North Texas), L.P.","Palo Pinto",40,32.66139,-98.31222
"Lone Star Plant","FL Rich Gas Services, LP","Bee",300,28.56216,-97.84995
"Longhorn Gas Plant","Enerfin Resources II-92 LP","Archer",2,33.80583,-98.49361
"Longhorn Gas Plant","Targa Gas Processing LLC","Wise",200,33.31093,-97.52678
"Longview","Enbridge G & P (East Texas) L.P.","Gregg",125,32.50361,-94.86806
"Longview Gas Plant"," ","Gregg",50,32.50361,-94.86806
"Loving Plant","Targa Delaware LLC","Loving",70,31.90058,-103.35693
"Markham Gas Processing Plant","Williams Field Services-Gulf Coast Company LP","Matagorda",550,29.01754,-96.06029
"Markley Plant","W. W. Sub, Inc.","Jack & Young",1,33.32721,-98.37376
"McLean Plant","Carrera Operating Company","Gray",25,35.24047,-100.54206
"McMullen","Houston Pipeline Co.","McMullen",5,28.4458,-98.4833
"Mercy Gas Plant","Forest Oil Corporation","San Jacinto",4,30.56603,-95.18602
"Mertzon Plant"," ","Irion",52,31.18414,-100.90693
"Midkiff Plant","Targa Pipeline MC WestTex LLC","Reagan",230,31.64655,-101.76751
"Midmar East","Coronado Midstream LLC","Martin",100,32.17797,-102.19403
"Midmar West","Coronado Midstream LLC","Andrews",65,32.16281,-102.35568
"MiVida JV Processing Plant","ETC Field Services LLC","Ward",200,31.5225,-103.46528
"New Hope","Enbridge G & P (East Texas) L.P.","Franklin",10,33.02957,-95.18893
"Old Ocean Gas Plant","Harvest Pipeline Company","Brazoria",140,29.04718,-95.74768
"Orla Plant","ETC Texas Pipeline, Ltd.","Reeves",210,31.81067,-103.89649
"Osborne Plant","Enbridge Pipelines (Texas Gathering) L.P.","Roberts",25,35.78808,-100.62102
"Ozona","Chevron","Crockett",32,30.68246,-101.21771
"Ozona Gas Processing Plant","DCP Operating Company, LP","Crockett",120,30.68246,-101.21771
"Panhandle Superplant","DCP Operating Company, LP","Hutchinson County",515,35.70127,-101.41019
"Panola","Enable Texola G&P, LLC","Panola",100,32.18278,-94.25724
"Panola II Processing Plant","BTA Gas Processing LLC","Panola",120,32.19111,-94.26639
"Panther Plant","Energy Transfer Company","Upton",210,31.64152,-102.1933
"Pecos Bend Gas Processing Plant","Caprock Permian Processing, LLC","Reeves",153,31.49826,-103.52665
"Pecos Gas Plant","EagleClaw Midstream Ventures, LLC","Reeves",250,31.39066,-103.48953
"Pecos River Plant","Medallion Operating Company, LLC","Reeves",30,31.88155,-103.81259
"Pegasus Plant","DCP Midstream","Midland",100,31.66167,-102.13806
"Ranger","Ranger Gas Gathering, L.L.C.","Eastland",8.5,32.46847,-98.78912
"Raptor Gas Plant","Carnero Processing, LLC","La Salle",260,28.41449,-99.26071
"Rawhide","DCP Operating Company, LP","Sterling",75,32.01308,-101.27979
"Rebel Plant","Energy Transfer Company","Glasscock",200,31.89006,-101.70201
"Red Bluff Plant","ETC Field Services LLC","Reeves",220,31.79964,-103.92966
"Reveille Cryogenic Plant","Texas Pipeline Processing, LLC","Webb",200,27.81368,-99.51231
"Riptide Plant","Coronado Midstream LLC","Martin",100,32.24282,-101.90423
"Roberts Ranch","DCP Operating Company, LP","Midland",70,31.78222,-102.24722
"Rosewood Plant","ETC Field Services LLC","Upshur",12,32.78708,-95.06294
"Rothermel"," ","Limestone",15,31.46502,-96.43593
"Saint Jo Processing Plant"," ","Montague",110,33.63325,-97.62442
"Sale Ranch Gas Plant","West Texas Gas Processing LP","Martin",250,32.21095,-101.93522
"Salt Creek Processing Plant","Occidental Permian Ltd","Kent",165,33.23243,-100.86873
"San Martin Natural Gas Plant","Enterprise Hydrocarbons L.P.","Bexar",200,29.212,-98.40911
"Seminole Gas Processing Plant","Oxy USA INC","Gaines",285,32.75757,-102.68231
"Shackelford Plant","Davis Gas Processing Inc","Eastland",15,32.27666,-99.18667
"Shackelford Plant","Targa Midstream Services, LLC","Shackelford",15,32.85944,-99.22028
"Shamburger Lake Plant","Valence Operating Company","Smith",2,32.43741,-95.36517
"Sherman","SemGas, LP","Grayson",30,33.68263,-96.63621
"Shilling Gas Plant","Enterprise Products Operating LLC","Webb",110,27.94161,-98.8713
"Shoup Cryogenic Plant","Enterprise Hydrocarbons L.P.","Nueces",285,27.79971,-97.56557
"Silver Creek Plant","Enlink Texas Processing, LP","Parker",200,32.8013,-97.67461
"Silver Oak Plant 1","TPL South Tex Processing Company LP","Bee",260,28.55857,-97.85359
"Slaughter Gasoline Plant","OXY","Hockley",35,33.46809,-102.55952
"Slaughter Gasoline Plant (Mallet)","OXY","Hockley",345,33.459,-102.56162
"Snyder Gasoline Plant","Kinder Morgan CO2","Scurry",90,32.75157,-100.95875
"Sonora Plant","Enterprise Products Operating LLC","Sutton",120,30.29943,-100.64732
"Southwest Ozona","DCP Operating Company, LP","Crockett",90,30.44583,-101.46667
"Spearman Plant","ETC Field Services LLC","Ochiltree",100,36.0858,-101.04801
"Spraberry Plant"," ","Midland",125,31.85783,-101.79196
"Sterling Plant","Targa Resources","Sterling",90,31.97028,-101.23611
"Stockman Plant","Enable Midstream Partners","Shelby",15,31.73996,-94.34102
"Sunray Gas Plant","ETC Field Services LLC","Moore",165,35.9621,-101.81559
"Sutton Sonora Plant","DCP Operating Company, LP","Sutton",62,30.5069,-100.58885
"Sweetwater Creek Gas Plant","Aethon Energy Operating LLC","Wise",12,33.17153,-97.39789
"Targa Sandhills Plt","Targa Resources","Crane",180,31.50111,-102.64083
"Tarzan Gas Plant","Targa Resources","Martin",10,32.37703,-101.91115
"Texas City Processing Plant","Kinder Morgan Tejas Pipeline LLC","Galveston",65,29.37583,-94.94083
"Thompsonville Gas Plant","Enterprise Hydrocarbons L.P.","Jim Hogg",330,27.25736,-98.93725
"Three Rivers","DCP Operating Company, LP","Live Oak",95,28.40578,-98.13589
"Tilden","ETC Field Services LLC","McMullen",150,28.41049,-98.52959
"Tippett Plant","ETC Field Services LLC","Upton",55,31.03752,-102.22282
"Tolar Plant/Black Diamond","DCP Operating Company, LP","Hood",120,32.34394,-97.88872
"Tract 75 Gas Plant","Kinder Morgan Production Company LLC","Pecos",110,30.86889,-101.93056
"Trend Gathering Farrar plant","XTO Energy, Inc.","Limestone",330,31.44472,-96.26194
"Trend Teague Plant","Trend Gathering and Treating L.P.","Freestone",330,31.62764,-96.22039
"Trinidad","Enbridge G & P (East Texas) L.P.","Henderson",65,32.12756,-96.08485
"Tyler Gas Plant","Aethon Energy Operating LLC","Smith",1,32.38384,-95.43441
"Van Plant","UNOCAL - CNAEP","Van Zandt",1.2,32.53861,-95.62501
"Waha Plant","ETC Field Services LLC","Pecos",120,31.26889,-103.08667
"Waskom Gas Processing","Enable Midstream Partners","Harrision",250,32.4717,-94.07278
"Wasson ODC Unit CO2 Removal Plant","Occidental Permian Ltd","Yoakum",100,33.01171,-102.75465
"Wheeler","Enable Products LLC","Wheeler",200,35.52995,-100.28687
"Wheeler","ETC Field Services LLC","Wheeler",60,35.40955,-100.12995
"Wilcox Gas Plant","DCP Operating Company, LP","Lavaca",240,29.3361,-96.67954
"Willard CO2 Recovery Plant","OXY","Yoakum",96,33.02802,-102.8263
"Woodall Plant","ETC Field Services LLC","Hemphill",60,35.69436,-100.22911
"Woodsboro Plant","Southcross Processing LLC","Refugio",200,28.17598,-97.28166
"Worsham-Steed Cryogenic Gas Plant","Worsham-Steed Gas Storage, LLC","Jack",60,33.09954,-98.07189
"WPMT NGL","Occidental Permian Ltd","Yoakum",40,32.92289,-102.8459
"Yoakum Gas Processing Plant","Enterprise Products Operating LLC","Lavaca",900,29.34153,-97.11031
"Zybach"," ","Wheeler",164,35.60501,-100.14833
